{"power": [], "benchtime": {"atlas-gen_sherpa-ma-bmkrun0start": 1749674942.7976134, "atlas-gen_sherpa-ma-bmkrun0end": 1749676220.456219, "atlas-gen_sherpa-ma-bmkrun1start": 1749676220.456482, "atlas-gen_sherpa-ma-bmkrun1end": 1749676571.8522832, "atlas-gen_sherpa-ma-bmkrun2start": 1749676571.8525667, "atlas-gen_sherpa-ma-bmkrun2end": 1749676923.6905196, "atlas-reco_mt-ma-bmkrun0start": 1749676923.6939628, "atlas-reco_mt-ma-bmkrun0end": 1749679187.9449024, "atlas-reco_mt-ma-bmkrun1start": 1749679187.9451852, "atlas-reco_mt-ma-bmkrun1end": 1749680135.8731816, "atlas-reco_mt-ma-bmkrun2start": 1749680135.873372, "atlas-reco_mt-ma-bmkrun2end": 1749681086.3428829, "cms-gen-sim-run3-ma-bmkrun0start": 1749681086.3451722, "cms-gen-sim-run3-ma-bmkrun0end": 1749681793.3743818, "cms-gen-sim-run3-ma-bmkrun1start": 1749681793.3745468, "cms-gen-sim-run3-ma-bmkrun1end": 1749682347.006743, "cms-gen-sim-run3-ma-bmkrun2start": 1749682347.006887, "cms-gen-sim-run3-ma-bmkrun2end": 1749682900.285888, "cms-reco-run3-ma-bmkrun0start": 1749682900.2874055, "cms-reco-run3-ma-bmkrun0end": 1749684173.3229132, "cms-reco-run3-ma-bmkrun1start": 1749684173.3230855, "cms-reco-run3-ma-bmkrun1end": 1749684911.7827601, "cms-reco-run3-ma-bmkrun2start": 1749684911.7829576, "cms-reco-run3-ma-bmkrun2end": 1749685647.8220217, "lhcb-sim-run3-ma-bmkrun0start": 1749685647.8240197, "lhcb-sim-run3-ma-bmkrun0end": 1749686362.230897, "lhcb-sim-run3-ma-bmkrun1start": 1749686362.2310967, "lhcb-sim-run3-ma-bmkrun1end": 1749686991.67814, "lhcb-sim-run3-ma-bmkrun2start": 1749686991.678327, "lhcb-sim-run3-ma-bmkrun2end": 1749687631.8909, "belle2-gen-sim-reco-ma-bmkrun0start": 1749687631.89229, "belle2-gen-sim-reco-ma-bmkrun0end": 1749687989.0933716, "belle2-gen-sim-reco-ma-bmkrun1start": 1749687989.0935285, "belle2-gen-sim-reco-ma-bmkrun1end": 1749688307.8854575, "belle2-gen-sim-reco-ma-bmkrun2start": 1749688307.8856282, "belle2-gen-sim-reco-ma-bmkrun2end": 1749688626.3538852, "alice-digi-reco-core-run3-ma-bmkrun0start": 1749688626.3555546, "alice-digi-reco-core-run3-ma-bmkrun0end": 1749689751.2603126, "alice-digi-reco-core-run3-ma-bmkrun1start": 1749689751.2606452, "alice-digi-reco-core-run3-ma-bmkrun1end": 1749690714.9745214, "alice-digi-reco-core-run3-ma-bmkrun2start": 1749690714.9750605, "alice-digi-reco-core-run3-ma-bmkrun2end": 1749691633.4908128}, "scores": [0.9935, 0.997, 1.0003, 1.0406, 1.0406, 1.0385, 0.9117, 0.9121, 0.9138, 1.032, 1.031, 1.0317, 0.9142, 0.9135, 0.9124, 1.0039, 1.0032, 1.0017, 0.9938, 1.0009, 0.9887], "score": [1001.0546]}