{"power": [], "benchtime": {"atlas-gen_sherpa-ma-bmkrun0start": 1749674915.1825137, "atlas-gen_sherpa-ma-bmkrun0end": 1749676196.28791, "atlas-gen_sherpa-ma-bmkrun1start": 1749676196.2882335, "atlas-gen_sherpa-ma-bmkrun1end": 1749676548.2886174, "atlas-gen_sherpa-ma-bmkrun2start": 1749676548.2888665, "atlas-gen_sherpa-ma-bmkrun2end": 1749676901.1583831, "atlas-reco_mt-ma-bmkrun0start": 1749676901.1621063, "atlas-reco_mt-ma-bmkrun0end": 1749678737.1339386, "atlas-reco_mt-ma-bmkrun1start": 1749678737.134203, "atlas-reco_mt-ma-bmkrun1end": 1749679683.0371213, "atlas-reco_mt-ma-bmkrun2start": 1749679683.037354, "atlas-reco_mt-ma-bmkrun2end": 1749680630.0566504, "cms-gen-sim-run3-ma-bmkrun0start": 1749680630.0589082, "cms-gen-sim-run3-ma-bmkrun0end": 1749681476.2600098, "cms-gen-sim-run3-ma-bmkrun1start": 1749681476.260185, "cms-gen-sim-run3-ma-bmkrun1end": 1749682031.0306025, "cms-gen-sim-run3-ma-bmkrun2start": 1749682031.0308228, "cms-gen-sim-run3-ma-bmkrun2end": 1749682583.4329963, "cms-reco-run3-ma-bmkrun0start": 1749682583.4348247, "cms-reco-run3-ma-bmkrun0end": 1749683904.2354531, "cms-reco-run3-ma-bmkrun1start": 1749683904.2355947, "cms-reco-run3-ma-bmkrun1end": 1749684645.0692577, "cms-reco-run3-ma-bmkrun2start": 1749684645.0694232, "cms-reco-run3-ma-bmkrun2end": 1749685382.9345343, "lhcb-sim-run3-ma-bmkrun0start": 1749685382.9360304, "lhcb-sim-run3-ma-bmkrun0end": 1749686230.4427586, "lhcb-sim-run3-ma-bmkrun1start": 1749686230.4429262, "lhcb-sim-run3-ma-bmkrun1end": 1749686866.3939266, "lhcb-sim-run3-ma-bmkrun2start": 1749686866.394147, "lhcb-sim-run3-ma-bmkrun2end": 1749687510.0622754, "belle2-gen-sim-reco-ma-bmkrun0start": 1749687510.065116, "belle2-gen-sim-reco-ma-bmkrun0end": 1749687865.0426376, "belle2-gen-sim-reco-ma-bmkrun1start": 1749687865.0427918, "belle2-gen-sim-reco-ma-bmkrun1end": 1749688181.33029, "belle2-gen-sim-reco-ma-bmkrun2start": 1749688181.3304524, "belle2-gen-sim-reco-ma-bmkrun2end": 1749688499.1103468, "alice-digi-reco-core-run3-ma-bmkrun0start": 1749688499.111721, "alice-digi-reco-core-run3-ma-bmkrun0end": 1749689590.1198115, "alice-digi-reco-core-run3-ma-bmkrun1start": 1749689590.1200562, "alice-digi-reco-core-run3-ma-bmkrun1end": 1749690506.4630785, "alice-digi-reco-core-run3-ma-bmkrun2start": 1749690506.4633737, "alice-digi-reco-core-run3-ma-bmkrun2end": 1749691478.567287}, "scores": [0.9924, 0.9974, 0.9947, 1.0429, 1.0419, 1.0386, 0.9131, 0.9106, 0.912, 1.0323, 1.028, 1.0317, 0.9099, 0.9117, 0.9178, 1.0054, 1.0038, 1.0044, 0.9911, 1.0008, 1.014], "score": [1001.7801]}