{"power": [], "benchtime": {"atlas-gen_sherpa-ma-bmkrun0start": 1749674877.630754, "atlas-gen_sherpa-ma-bmkrun0end": 1749676039.7580533, "atlas-gen_sherpa-ma-bmkrun1start": 1749676039.758448, "atlas-gen_sherpa-ma-bmkrun1end": 1749676330.581036, "atlas-gen_sherpa-ma-bmkrun2start": 1749676330.581251, "atlas-gen_sherpa-ma-bmkrun2end": 1749676623.8515463, "atlas-reco_mt-ma-bmkrun0start": 1749676623.855089, "atlas-reco_mt-ma-bmkrun0end": 1749677920.5512574, "atlas-reco_mt-ma-bmkrun1start": 1749677920.5514307, "atlas-reco_mt-ma-bmkrun1end": 1749678665.8995168, "atlas-reco_mt-ma-bmkrun2start": 1749678665.8998084, "atlas-reco_mt-ma-bmkrun2end": 1749679413.2963262, "cms-gen-sim-run3-ma-bmkrun0start": 1749679413.298136, "cms-gen-sim-run3-ma-bmkrun0end": 1749680224.431884, "cms-gen-sim-run3-ma-bmkrun1start": 1749680224.4320807, "cms-gen-sim-run3-ma-bmkrun1end": 1749680675.418733, "cms-gen-sim-run3-ma-bmkrun2start": 1749680675.4190068, "cms-gen-sim-run3-ma-bmkrun2end": 1749681126.528165, "cms-reco-run3-ma-bmkrun0start": 1749681126.5291023, "cms-reco-run3-ma-bmkrun0end": 1749681887.3637397, "cms-reco-run3-ma-bmkrun1start": 1749681887.3640163, "cms-reco-run3-ma-bmkrun1end": 1749682502.6059322, "cms-reco-run3-ma-bmkrun2start": 1749682502.6062257, "cms-reco-run3-ma-bmkrun2end": 1749683118.508106, "lhcb-sim-run3-ma-bmkrun0start": 1749683118.5105975, "lhcb-sim-run3-ma-bmkrun0end": 1749683841.345641, "lhcb-sim-run3-ma-bmkrun1start": 1749683841.345817, "lhcb-sim-run3-ma-bmkrun1end": 1749684360.074404, "lhcb-sim-run3-ma-bmkrun2start": 1749684360.0748053, "lhcb-sim-run3-ma-bmkrun2end": 1749684882.908517, "belle2-gen-sim-reco-ma-bmkrun0start": 1749684882.910297, "belle2-gen-sim-reco-ma-bmkrun0end": 1749685310.3213944, "belle2-gen-sim-reco-ma-bmkrun1start": 1749685310.3216712, "belle2-gen-sim-reco-ma-bmkrun1end": 1749685569.5408678, "belle2-gen-sim-reco-ma-bmkrun2start": 1749685569.5410197, "belle2-gen-sim-reco-ma-bmkrun2end": 1749685826.5364904, "alice-digi-reco-core-run3-ma-bmkrun0start": 1749685826.5376444, "alice-digi-reco-core-run3-ma-bmkrun0end": 1749686867.4254127, "alice-digi-reco-core-run3-ma-bmkrun1start": 1749686867.4258814, "alice-digi-reco-core-run3-ma-bmkrun1end": 1749687625.9157789, "alice-digi-reco-core-run3-ma-bmkrun2start": 1749687625.9160397, "alice-digi-reco-core-run3-ma-bmkrun2end": 1749688390.822151}, "scores": [1.1993, 1.1992, 1.1959, 1.2555, 1.2523, 1.2538, 1.1207, 1.1199, 1.1188, 1.2098, 1.2074, 1.2072, 1.0924, 1.0953, 1.0964, 1.2292, 1.2278, 1.2298, 1.2667, 1.2413, 1.2274], "score": [1212.3584]}