{"power": [], "benchtime": {"atlas-gen_sherpa-ma-bmkrun0start": 1749674896.1668854, "atlas-gen_sherpa-ma-bmkrun0end": 1749676181.2573009, "atlas-gen_sherpa-ma-bmkrun1start": 1749676181.2576885, "atlas-gen_sherpa-ma-bmkrun1end": 1749676532.8452284, "atlas-gen_sherpa-ma-bmkrun2start": 1749676532.8455436, "atlas-gen_sherpa-ma-bmkrun2end": 1749676884.120876, "atlas-reco_mt-ma-bmkrun0start": 1749676884.1244018, "atlas-reco_mt-ma-bmkrun0end": 1749679025.5392225, "atlas-reco_mt-ma-bmkrun1start": 1749679025.5396094, "atlas-reco_mt-ma-bmkrun1end": 1749679973.9077468, "atlas-reco_mt-ma-bmkrun2start": 1749679973.908034, "atlas-reco_mt-ma-bmkrun2end": 1749680924.2828345, "cms-gen-sim-run3-ma-bmkrun0start": 1749680924.285386, "cms-gen-sim-run3-ma-bmkrun0end": 1749681600.1291378, "cms-gen-sim-run3-ma-bmkrun1start": 1749681600.1293015, "cms-gen-sim-run3-ma-bmkrun1end": 1749682151.8210206, "cms-gen-sim-run3-ma-bmkrun2start": 1749682151.821187, "cms-gen-sim-run3-ma-bmkrun2end": 1749682703.9565825, "cms-reco-run3-ma-bmkrun0start": 1749682703.9578636, "cms-reco-run3-ma-bmkrun0end": 1749683953.4405746, "cms-reco-run3-ma-bmkrun1start": 1749683953.4407701, "cms-reco-run3-ma-bmkrun1end": 1749684692.3986826, "cms-reco-run3-ma-bmkrun2start": 1749684692.3988562, "cms-reco-run3-ma-bmkrun2end": 1749685431.4424343, "lhcb-sim-run3-ma-bmkrun0start": 1749685431.4442196, "lhcb-sim-run3-ma-bmkrun0end": 1749686312.3909009, "lhcb-sim-run3-ma-bmkrun1start": 1749686312.3911462, "lhcb-sim-run3-ma-bmkrun1end": 1749686946.3232768, "lhcb-sim-run3-ma-bmkrun2start": 1749686946.3234782, "lhcb-sim-run3-ma-bmkrun2end": 1749687587.2041721, "belle2-gen-sim-reco-ma-bmkrun0start": 1749687587.2056003, "belle2-gen-sim-reco-ma-bmkrun0end": 1749687939.659174, "belle2-gen-sim-reco-ma-bmkrun1start": 1749687939.659384, "belle2-gen-sim-reco-ma-bmkrun1end": 1749688261.5317745, "belle2-gen-sim-reco-ma-bmkrun2start": 1749688261.5319314, "belle2-gen-sim-reco-ma-bmkrun2end": 1749688578.1682281, "alice-digi-reco-core-run3-ma-bmkrun0start": 1749688578.1696532, "alice-digi-reco-core-run3-ma-bmkrun0end": 1749689678.2152767, "alice-digi-reco-core-run3-ma-bmkrun1start": 1749689678.2155206, "alice-digi-reco-core-run3-ma-bmkrun1end": 1749690638.6126919, "alice-digi-reco-core-run3-ma-bmkrun2start": 1749690638.6128466, "alice-digi-reco-core-run3-ma-bmkrun2end": 1749691613.877094}, "scores": [0.9983, 1.0, 0.995, 1.0428, 1.0405, 1.0368, 0.9107, 0.9137, 0.9131, 1.0294, 1.0302, 1.0294, 0.9154, 0.9117, 0.9133, 1.0032, 1.0015, 1.0056, 0.9975, 0.9899, 0.9928], "score": [1000.8895]}