{"power": [], "benchtime": {"atlas-gen_sherpa-ma-bmkrun0start": 1749581205.7765536, "atlas-gen_sherpa-ma-bmkrun0end": 1749585742.0287318, "atlas-gen_sherpa-ma-bmkrun1start": 1749585742.0288937, "atlas-gen_sherpa-ma-bmkrun1end": 1749586319.650514, "atlas-gen_sherpa-ma-bmkrun2start": 1749586319.6506677, "atlas-gen_sherpa-ma-bmkrun2end": 1749586889.0391667, "atlas-reco_mt-ma-bmkrun0start": 1749586889.0424445, "atlas-reco_mt-ma-bmkrun0end": 1749590364.5968475, "atlas-reco_mt-ma-bmkrun1start": 1749590364.5970004, "atlas-reco_mt-ma-bmkrun1end": 1749591414.893404, "atlas-reco_mt-ma-bmkrun2start": 1749591414.8936174, "atlas-reco_mt-ma-bmkrun2end": 1749592445.3329008, "cms-gen-sim-run3-ma-bmkrun0start": 1749592445.335585, "cms-gen-sim-run3-ma-bmkrun0end": 1749593123.4313014, "cms-gen-sim-run3-ma-bmkrun1start": 1749593123.4315932, "cms-gen-sim-run3-ma-bmkrun1end": 1749593709.2274756, "cms-gen-sim-run3-ma-bmkrun2start": 1749593709.227602, "cms-gen-sim-run3-ma-bmkrun2end": 1749594304.993232, "cms-reco-run3-ma-bmkrun0start": 1749594304.9940386, "cms-reco-run3-ma-bmkrun0end": 1749595419.182534, "cms-reco-run3-ma-bmkrun1start": 1749595419.1826875, "cms-reco-run3-ma-bmkrun1end": 1749596256.7298863, "cms-reco-run3-ma-bmkrun2start": 1749596256.7300603, "cms-reco-run3-ma-bmkrun2end": 1749597092.8103733, "lhcb-sim-run3-ma-bmkrun0start": 1749597092.811471, "lhcb-sim-run3-ma-bmkrun0end": 1749598255.5985157, "lhcb-sim-run3-ma-bmkrun1start": 1749598255.598648, "lhcb-sim-run3-ma-bmkrun1end": 1749599372.3745475, "lhcb-sim-run3-ma-bmkrun2start": 1749599372.3746805, "lhcb-sim-run3-ma-bmkrun2end": 1749600494.774529, "belle2-gen-sim-reco-ma-bmkrun0start": 1749600494.7763557, "belle2-gen-sim-reco-ma-bmkrun0end": 1749600878.1244147, "belle2-gen-sim-reco-ma-bmkrun1start": 1749600878.1245577, "belle2-gen-sim-reco-ma-bmkrun1end": 1749601226.0895991, "belle2-gen-sim-reco-ma-bmkrun2start": 1749601226.0897684, "belle2-gen-sim-reco-ma-bmkrun2end": 1749601573.687011, "alice-digi-reco-core-run3-ma-bmkrun0start": 1749601573.6893442, "alice-digi-reco-core-run3-ma-bmkrun0end": 1749602908.1584141, "alice-digi-reco-core-run3-ma-bmkrun1start": 1749602908.158542, "alice-digi-reco-core-run3-ma-bmkrun1end": 1749604128.7112813, "alice-digi-reco-core-run3-ma-bmkrun2start": 1749604128.711413, "alice-digi-reco-core-run3-ma-bmkrun2end": 1749605334.9207811}, "scores": [6.1072, 5.9776, 6.0372, 7.4612, 7.4284, 7.5023, 7.1781, 7.2588, 7.2265, 7.4951, 7.4455, 7.4732, 9.3974, 9.5724, 9.5654, 7.9135, 7.9006, 7.9007, 6.5244, 6.5392, 6.5487], "score": [7521.6866]}