{"power": [], "benchtime": {"atlas-gen_sherpa-ma-bmkrun0start": 1749674914.0620465, "atlas-gen_sherpa-ma-bmkrun0end": 1749676249.6341796, "atlas-gen_sherpa-ma-bmkrun1start": 1749676249.6343808, "atlas-gen_sherpa-ma-bmkrun1end": 1749676600.9390223, "atlas-gen_sherpa-ma-bmkrun2start": 1749676600.9392657, "atlas-gen_sherpa-ma-bmkrun2end": 1749676952.9152424, "atlas-reco_mt-ma-bmkrun0start": 1749676952.9172251, "atlas-reco_mt-ma-bmkrun0end": 1749678779.0796192, "atlas-reco_mt-ma-bmkrun1start": 1749678779.0798779, "atlas-reco_mt-ma-bmkrun1end": 1749679729.9290178, "atlas-reco_mt-ma-bmkrun2start": 1749679729.9293978, "atlas-reco_mt-ma-bmkrun2end": 1749680683.4344673, "cms-gen-sim-run3-ma-bmkrun0start": 1749680683.4373343, "cms-gen-sim-run3-ma-bmkrun0end": 1749681410.7485278, "cms-gen-sim-run3-ma-bmkrun1start": 1749681410.7487078, "cms-gen-sim-run3-ma-bmkrun1end": 1749681963.468916, "cms-gen-sim-run3-ma-bmkrun2start": 1749681963.4691248, "cms-gen-sim-run3-ma-bmkrun2end": 1749682517.1736796, "cms-reco-run3-ma-bmkrun0start": 1749682517.1752694, "cms-reco-run3-ma-bmkrun0end": 1749683517.6170378, "cms-reco-run3-ma-bmkrun1start": 1749683517.6172495, "cms-reco-run3-ma-bmkrun1end": 1749684257.932609, "cms-reco-run3-ma-bmkrun2start": 1749684257.9328673, "cms-reco-run3-ma-bmkrun2end": 1749684997.4908936, "lhcb-sim-run3-ma-bmkrun0start": 1749684997.4923842, "lhcb-sim-run3-ma-bmkrun0end": 1749685927.4570608, "lhcb-sim-run3-ma-bmkrun1start": 1749685927.457374, "lhcb-sim-run3-ma-bmkrun1end": 1749686567.040098, "lhcb-sim-run3-ma-bmkrun2start": 1749686567.0402412, "lhcb-sim-run3-ma-bmkrun2end": 1749687204.895432, "belle2-gen-sim-reco-ma-bmkrun0start": 1749687204.8967762, "belle2-gen-sim-reco-ma-bmkrun0end": 1749687556.1131585, "belle2-gen-sim-reco-ma-bmkrun1start": 1749687556.113312, "belle2-gen-sim-reco-ma-bmkrun1end": 1749687875.0075345, "belle2-gen-sim-reco-ma-bmkrun2start": 1749687875.0076823, "belle2-gen-sim-reco-ma-bmkrun2end": 1749688192.1247623, "alice-digi-reco-core-run3-ma-bmkrun0start": 1749688192.126897, "alice-digi-reco-core-run3-ma-bmkrun0end": 1749689249.8157594, "alice-digi-reco-core-run3-ma-bmkrun1start": 1749689249.8159258, "alice-digi-reco-core-run3-ma-bmkrun1end": 1749690196.8939614, "alice-digi-reco-core-run3-ma-bmkrun2start": 1749690196.8941972, "alice-digi-reco-core-run3-ma-bmkrun2end": 1749691146.8740609}, "scores": [0.9884, 1.0021, 0.9974, 1.0422, 1.0383, 1.0383, 0.9072, 0.9135, 0.9101, 1.0257, 1.0293, 1.0302, 0.9082, 0.9097, 0.9117, 1.0031, 0.9946, 1.0056, 1.0167, 0.9913, 1.0033], "score": [1000.8987]}