{"power": [], "benchtime": {"atlas-gen_sherpa-ma-bmkrun0start": 1749674895.475965, "atlas-gen_sherpa-ma-bmkrun0end": 1749676246.571446, "atlas-gen_sherpa-ma-bmkrun1start": 1749676246.5717409, "atlas-gen_sherpa-ma-bmkrun1end": 1749676597.9642248, "atlas-gen_sherpa-ma-bmkrun2start": 1749676597.9644647, "atlas-gen_sherpa-ma-bmkrun2end": 1749676949.318776, "atlas-reco_mt-ma-bmkrun0start": 1749676949.3221376, "atlas-reco_mt-ma-bmkrun0end": 1749678787.5701537, "atlas-reco_mt-ma-bmkrun1start": 1749678787.57043, "atlas-reco_mt-ma-bmkrun1end": 1749679737.3662603, "atlas-reco_mt-ma-bmkrun2start": 1749679737.3665125, "atlas-reco_mt-ma-bmkrun2end": 1749680682.989052, "cms-gen-sim-run3-ma-bmkrun0start": 1749680682.991386, "cms-gen-sim-run3-ma-bmkrun0end": 1749681463.3739448, "cms-gen-sim-run3-ma-bmkrun1start": 1749681463.3741221, "cms-gen-sim-run3-ma-bmkrun1end": 1749682015.3998477, "cms-gen-sim-run3-ma-bmkrun2start": 1749682015.4000258, "cms-gen-sim-run3-ma-bmkrun2end": 1749682569.6540809, "cms-reco-run3-ma-bmkrun0start": 1749682569.6557615, "cms-reco-run3-ma-bmkrun0end": 1749683716.8623369, "cms-reco-run3-ma-bmkrun1start": 1749683716.862558, "cms-reco-run3-ma-bmkrun1end": 1749684452.8563838, "cms-reco-run3-ma-bmkrun2start": 1749684452.8565533, "cms-reco-run3-ma-bmkrun2end": 1749685191.12304, "lhcb-sim-run3-ma-bmkrun0start": 1749685191.1249795, "lhcb-sim-run3-ma-bmkrun0end": 1749686023.606916, "lhcb-sim-run3-ma-bmkrun1start": 1749686023.6070771, "lhcb-sim-run3-ma-bmkrun1end": 1749686662.954155, "lhcb-sim-run3-ma-bmkrun2start": 1749686662.9543104, "lhcb-sim-run3-ma-bmkrun2end": 1749687297.2741184, "belle2-gen-sim-reco-ma-bmkrun0start": 1749687297.2754083, "belle2-gen-sim-reco-ma-bmkrun0end": 1749687648.0073662, "belle2-gen-sim-reco-ma-bmkrun1start": 1749687648.0075288, "belle2-gen-sim-reco-ma-bmkrun1end": 1749687967.5563493, "belle2-gen-sim-reco-ma-bmkrun2start": 1749687967.5566812, "belle2-gen-sim-reco-ma-bmkrun2end": 1749688288.304496, "alice-digi-reco-core-run3-ma-bmkrun0start": 1749688288.3065836, "alice-digi-reco-core-run3-ma-bmkrun0end": 1749689376.953336, "alice-digi-reco-core-run3-ma-bmkrun1start": 1749689376.953781, "alice-digi-reco-core-run3-ma-bmkrun1end": 1749690286.6764615, "alice-digi-reco-core-run3-ma-bmkrun2start": 1749690286.6766877, "alice-digi-reco-core-run3-ma-bmkrun2end": 1749691247.0278687}, "scores": [0.998, 1.0033, 0.9961, 1.0425, 1.0402, 1.0427, 0.9132, 0.9137, 0.9119, 1.0326, 1.0313, 1.0282, 0.9118, 0.9103, 0.9127, 1.0059, 1.0033, 0.9988, 0.9883, 1.0217, 1.0039], "score": [1002.7712]}