{"power": [], "benchtime": {"atlas-gen_sherpa-ma-bmkrun0start": 1749581223.5378332, "atlas-gen_sherpa-ma-bmkrun0end": 1749585241.0846307, "atlas-gen_sherpa-ma-bmkrun1start": 1749585241.0848188, "atlas-gen_sherpa-ma-bmkrun1end": 1749585810.4934762, "atlas-gen_sherpa-ma-bmkrun2start": 1749585810.4936447, "atlas-gen_sherpa-ma-bmkrun2end": 1749586380.6517272, "atlas-reco_mt-ma-bmkrun0start": 1749586380.6552413, "atlas-reco_mt-ma-bmkrun0end": 1749590013.189927, "atlas-reco_mt-ma-bmkrun1start": 1749590013.1900444, "atlas-reco_mt-ma-bmkrun1end": 1749591053.143371, "atlas-reco_mt-ma-bmkrun2start": 1749591053.143598, "atlas-reco_mt-ma-bmkrun2end": 1749592084.1607099, "cms-gen-sim-run3-ma-bmkrun0start": 1749592084.1652803, "cms-gen-sim-run3-ma-bmkrun0end": 1749592765.228979, "cms-gen-sim-run3-ma-bmkrun1start": 1749592765.2292566, "cms-gen-sim-run3-ma-bmkrun1end": 1749593347.2013793, "cms-gen-sim-run3-ma-bmkrun2start": 1749593347.2015104, "cms-gen-sim-run3-ma-bmkrun2end": 1749593936.6817112, "cms-reco-run3-ma-bmkrun0start": 1749593936.6825802, "cms-reco-run3-ma-bmkrun0end": 1749594861.097246, "cms-reco-run3-ma-bmkrun1start": 1749594861.0974145, "cms-reco-run3-ma-bmkrun1end": 1749595692.9783783, "cms-reco-run3-ma-bmkrun2start": 1749595692.9786003, "cms-reco-run3-ma-bmkrun2end": 1749596523.6840382, "lhcb-sim-run3-ma-bmkrun0start": 1749596523.6850348, "lhcb-sim-run3-ma-bmkrun0end": 1749597764.4181602, "lhcb-sim-run3-ma-bmkrun1start": 1749597764.418308, "lhcb-sim-run3-ma-bmkrun1end": 1749598931.5304635, "lhcb-sim-run3-ma-bmkrun2start": 1749598931.5306113, "lhcb-sim-run3-ma-bmkrun2end": 1749600056.519205, "belle2-gen-sim-reco-ma-bmkrun0start": 1749600056.5238123, "belle2-gen-sim-reco-ma-bmkrun0end": 1749600439.3925076, "belle2-gen-sim-reco-ma-bmkrun1start": 1749600439.392627, "belle2-gen-sim-reco-ma-bmkrun1end": 1749600785.6372914, "belle2-gen-sim-reco-ma-bmkrun2start": 1749600785.6375167, "belle2-gen-sim-reco-ma-bmkrun2end": 1749601133.847775, "alice-digi-reco-core-run3-ma-bmkrun0start": 1749601133.8493237, "alice-digi-reco-core-run3-ma-bmkrun0end": 1749602451.6129365, "alice-digi-reco-core-run3-ma-bmkrun1start": 1749602451.6131227, "alice-digi-reco-core-run3-ma-bmkrun1end": 1749603661.1443074, "alice-digi-reco-core-run3-ma-bmkrun2start": 1749603661.144438, "alice-digi-reco-core-run3-ma-bmkrun2end": 1749604870.8236918}, "scores": [6.0341, 5.9873, 6.0345, 7.476, 7.4874, 7.5251, 7.194, 7.3097, 7.2146, 7.5201, 7.5197, 7.5302, 9.4967, 9.5765, 9.6053, 7.9262, 7.9397, 7.9337, 6.5631, 6.5339, 6.5349], "score": [7534.8825]}