{"power": [], "benchtime": {"atlas-gen_sherpa-ma-bmkrun0start": 1749581271.7607598, "atlas-gen_sherpa-ma-bmkrun0end": 1749585212.090715, "atlas-gen_sherpa-ma-bmkrun1start": 1749585212.0910268, "atlas-gen_sherpa-ma-bmkrun1end": 1749585778.2910469, "atlas-gen_sherpa-ma-bmkrun2start": 1749585778.291276, "atlas-gen_sherpa-ma-bmkrun2end": 1749586349.7274265, "atlas-reco_mt-ma-bmkrun0start": 1749586349.7306929, "atlas-reco_mt-ma-bmkrun0end": 1749590081.7111099, "atlas-reco_mt-ma-bmkrun1start": 1749590081.7113779, "atlas-reco_mt-ma-bmkrun1end": 1749591092.951364, "atlas-reco_mt-ma-bmkrun2start": 1749591092.951587, "atlas-reco_mt-ma-bmkrun2end": 1749592121.4858048, "cms-gen-sim-run3-ma-bmkrun0start": 1749592121.488557, "cms-gen-sim-run3-ma-bmkrun0end": 1749592810.4553487, "cms-gen-sim-run3-ma-bmkrun1start": 1749592810.4556673, "cms-gen-sim-run3-ma-bmkrun1end": 1749593437.72898, "cms-gen-sim-run3-ma-bmkrun2start": 1749593437.729106, "cms-gen-sim-run3-ma-bmkrun2end": 1749594021.6776884, "cms-reco-run3-ma-bmkrun0start": 1749594021.6787508, "cms-reco-run3-ma-bmkrun0end": 1749595375.4669194, "cms-reco-run3-ma-bmkrun1start": 1749595375.46704, "cms-reco-run3-ma-bmkrun1end": 1749596169.1197424, "cms-reco-run3-ma-bmkrun2start": 1749596169.1198623, "cms-reco-run3-ma-bmkrun2end": 1749596965.2783618, "lhcb-sim-run3-ma-bmkrun0start": 1749596965.2800605, "lhcb-sim-run3-ma-bmkrun0end": 1749598156.1175113, "lhcb-sim-run3-ma-bmkrun1start": 1749598156.1176715, "lhcb-sim-run3-ma-bmkrun1end": 1749599325.3611674, "lhcb-sim-run3-ma-bmkrun2start": 1749599325.3613832, "lhcb-sim-run3-ma-bmkrun2end": 1749600450.5864222, "belle2-gen-sim-reco-ma-bmkrun0start": 1749600450.5883124, "belle2-gen-sim-reco-ma-bmkrun0end": 1749600845.2511652, "belle2-gen-sim-reco-ma-bmkrun1start": 1749600845.2513309, "belle2-gen-sim-reco-ma-bmkrun1end": 1749601211.93052, "belle2-gen-sim-reco-ma-bmkrun2start": 1749601211.9306755, "belle2-gen-sim-reco-ma-bmkrun2end": 1749601559.3353748, "alice-digi-reco-core-run3-ma-bmkrun0start": 1749601559.336987, "alice-digi-reco-core-run3-ma-bmkrun0end": 1749602789.006982, "alice-digi-reco-core-run3-ma-bmkrun1start": 1749602789.007127, "alice-digi-reco-core-run3-ma-bmkrun1end": 1749603929.1606622, "alice-digi-reco-core-run3-ma-bmkrun2start": 1749603929.1608148, "alice-digi-reco-core-run3-ma-bmkrun2end": 1749605066.190313}, "scores": [6.1911, 6.0451, 6.0508, 7.6173, 7.6441, 7.6009, 7.274, 7.2753, 7.2878, 7.8407, 7.9368, 7.8902, 9.5444, 9.5585, 9.5114, 7.9467, 7.939, 7.9436, 7.1963, 7.1827, 7.1854], "score": [7719.1952]}