{"power": [], "benchtime": {"atlas-gen_sherpa-ma-bmkrun0start": 1749581217.8781617, "atlas-gen_sherpa-ma-bmkrun0end": 1749585385.85839, "atlas-gen_sherpa-ma-bmkrun1start": 1749585385.8587098, "atlas-gen_sherpa-ma-bmkrun1end": 1749585959.4477756, "atlas-gen_sherpa-ma-bmkrun2start": 1749585959.4479578, "atlas-gen_sherpa-ma-bmkrun2end": 1749586527.4474773, "atlas-reco_mt-ma-bmkrun0start": 1749586527.4520373, "atlas-reco_mt-ma-bmkrun0end": 1749589857.050629, "atlas-reco_mt-ma-bmkrun1start": 1749589857.0508883, "atlas-reco_mt-ma-bmkrun1end": 1749590878.148877, "atlas-reco_mt-ma-bmkrun2start": 1749590878.1491222, "atlas-reco_mt-ma-bmkrun2end": 1749591918.6001794, "cms-gen-sim-run3-ma-bmkrun0start": 1749591918.6032596, "cms-gen-sim-run3-ma-bmkrun0end": 1749592591.8697717, "cms-gen-sim-run3-ma-bmkrun1start": 1749592591.869896, "cms-gen-sim-run3-ma-bmkrun1end": 1749593178.5863721, "cms-gen-sim-run3-ma-bmkrun2start": 1749593178.586493, "cms-gen-sim-run3-ma-bmkrun2end": 1749593764.4246802, "cms-reco-run3-ma-bmkrun0start": 1749593764.4255362, "cms-reco-run3-ma-bmkrun0end": 1749594686.1251564, "cms-reco-run3-ma-bmkrun1start": 1749594686.1252797, "cms-reco-run3-ma-bmkrun1end": 1749595512.7634604, "cms-reco-run3-ma-bmkrun2start": 1749595512.7636185, "cms-reco-run3-ma-bmkrun2end": 1749596342.178915, "lhcb-sim-run3-ma-bmkrun0start": 1749596342.1806111, "lhcb-sim-run3-ma-bmkrun0end": 1749597469.9483793, "lhcb-sim-run3-ma-bmkrun1start": 1749597469.9485142, "lhcb-sim-run3-ma-bmkrun1end": 1749598589.168229, "lhcb-sim-run3-ma-bmkrun2start": 1749598589.168417, "lhcb-sim-run3-ma-bmkrun2end": 1749599652.5046186, "belle2-gen-sim-reco-ma-bmkrun0start": 1749599652.5062177, "belle2-gen-sim-reco-ma-bmkrun0end": 1749600030.6076488, "belle2-gen-sim-reco-ma-bmkrun1start": 1749600030.6079378, "belle2-gen-sim-reco-ma-bmkrun1end": 1749600407.0689404, "belle2-gen-sim-reco-ma-bmkrun2start": 1749600407.069074, "belle2-gen-sim-reco-ma-bmkrun2end": 1749600754.0006406, "alice-digi-reco-core-run3-ma-bmkrun0start": 1749600754.0029542, "alice-digi-reco-core-run3-ma-bmkrun0end": 1749602118.9260335, "alice-digi-reco-core-run3-ma-bmkrun1start": 1749602118.926214, "alice-digi-reco-core-run3-ma-bmkrun1end": 1749603319.4550116, "alice-digi-reco-core-run3-ma-bmkrun2start": 1749603319.4551988, "alice-digi-reco-core-run3-ma-bmkrun2end": 1749604509.9781437}, "scores": [6.1265, 6.0121, 6.1174, 7.5314, 7.5637, 7.4976, 7.2324, 7.258, 7.2467, 7.5662, 7.5534, 7.5418, 9.7224, 9.6837, 9.6511, 8.0069, 7.9644, 7.971, 6.5688, 6.6076, 6.5984], "score": [7593.1468]}