{"power": [], "benchtime": {"atlas-gen_sherpa-ma-bmkrun0start": 1749674903.4650795, "atlas-gen_sherpa-ma-bmkrun0end": 1749676143.7264569, "atlas-gen_sherpa-ma-bmkrun1start": 1749676143.7267263, "atlas-gen_sherpa-ma-bmkrun1end": 1749676494.8346817, "atlas-gen_sherpa-ma-bmkrun2start": 1749676494.8348272, "atlas-gen_sherpa-ma-bmkrun2end": 1749676845.5270174, "atlas-reco_mt-ma-bmkrun0start": 1749676845.5306203, "atlas-reco_mt-ma-bmkrun0end": 1749678788.9588165, "atlas-reco_mt-ma-bmkrun1start": 1749678788.9591146, "atlas-reco_mt-ma-bmkrun1end": 1749679740.4114885, "atlas-reco_mt-ma-bmkrun2start": 1749679740.411777, "atlas-reco_mt-ma-bmkrun2end": 1749680691.1298196, "cms-gen-sim-run3-ma-bmkrun0start": 1749680691.1331215, "cms-gen-sim-run3-ma-bmkrun0end": 1749681406.7162492, "cms-gen-sim-run3-ma-bmkrun1start": 1749681406.716572, "cms-gen-sim-run3-ma-bmkrun1end": 1749681959.6738007, "cms-gen-sim-run3-ma-bmkrun2start": 1749681959.6739736, "cms-gen-sim-run3-ma-bmkrun2end": 1749682514.4610338, "cms-reco-run3-ma-bmkrun0start": 1749682514.4622805, "cms-reco-run3-ma-bmkrun0end": 1749683543.9636028, "cms-reco-run3-ma-bmkrun1start": 1749683543.9638932, "cms-reco-run3-ma-bmkrun1end": 1749684284.8097847, "cms-reco-run3-ma-bmkrun2start": 1749684284.809958, "cms-reco-run3-ma-bmkrun2end": 1749685019.8072512, "lhcb-sim-run3-ma-bmkrun0start": 1749685019.8090568, "lhcb-sim-run3-ma-bmkrun0end": 1749685978.9461792, "lhcb-sim-run3-ma-bmkrun1start": 1749685978.9463837, "lhcb-sim-run3-ma-bmkrun1end": 1749686622.140439, "lhcb-sim-run3-ma-bmkrun2start": 1749686622.1406949, "lhcb-sim-run3-ma-bmkrun2end": 1749687258.2552207, "belle2-gen-sim-reco-ma-bmkrun0start": 1749687258.256996, "belle2-gen-sim-reco-ma-bmkrun0end": 1749687611.191209, "belle2-gen-sim-reco-ma-bmkrun1start": 1749687611.1915445, "belle2-gen-sim-reco-ma-bmkrun1end": 1749687929.8753355, "belle2-gen-sim-reco-ma-bmkrun2start": 1749687929.8755002, "belle2-gen-sim-reco-ma-bmkrun2end": 1749688247.6419687, "alice-digi-reco-core-run3-ma-bmkrun0start": 1749688247.643893, "alice-digi-reco-core-run3-ma-bmkrun0end": 1749689329.867512, "alice-digi-reco-core-run3-ma-bmkrun1start": 1749689329.8679228, "alice-digi-reco-core-run3-ma-bmkrun1end": 1749690280.3792136, "alice-digi-reco-core-run3-ma-bmkrun2start": 1749690280.3793976, "alice-digi-reco-core-run3-ma-bmkrun2end": 1749691242.0531216}, "scores": [1.0021, 0.9982, 1.0029, 1.0446, 1.0419, 1.0359, 0.9121, 0.913, 0.9138, 1.0292, 1.0288, 1.0327, 0.914, 0.9104, 0.9124, 1.0003, 1.0022, 1.0051, 1.0021, 0.985, 1.0085], "score": [1002.6326]}