{"power": [], "benchtime": {"atlas-gen_sherpa-ma-bmkrun0start": 1749674897.614684, "atlas-gen_sherpa-ma-bmkrun0end": 1749676345.0907218, "atlas-gen_sherpa-ma-bmkrun1start": 1749676345.0910573, "atlas-gen_sherpa-ma-bmkrun1end": 1749676698.4972599, "atlas-gen_sherpa-ma-bmkrun2start": 1749676698.4974737, "atlas-gen_sherpa-ma-bmkrun2end": 1749677052.1451557, "atlas-reco_mt-ma-bmkrun0start": 1749677052.1481113, "atlas-reco_mt-ma-bmkrun0end": 1749679072.101537, "atlas-reco_mt-ma-bmkrun1start": 1749679072.1017413, "atlas-reco_mt-ma-bmkrun1end": 1749680022.8082404, "atlas-reco_mt-ma-bmkrun2start": 1749680022.808447, "atlas-reco_mt-ma-bmkrun2end": 1749680978.8514009, "cms-gen-sim-run3-ma-bmkrun0start": 1749680978.8543413, "cms-gen-sim-run3-ma-bmkrun0end": 1749681658.007966, "cms-gen-sim-run3-ma-bmkrun1start": 1749681658.008123, "cms-gen-sim-run3-ma-bmkrun1end": 1749682215.115772, "cms-gen-sim-run3-ma-bmkrun2start": 1749682215.115943, "cms-gen-sim-run3-ma-bmkrun2end": 1749682772.1895928, "cms-reco-run3-ma-bmkrun0start": 1749682772.1912577, "cms-reco-run3-ma-bmkrun0end": 1749684114.6577656, "cms-reco-run3-ma-bmkrun1start": 1749684114.657949, "cms-reco-run3-ma-bmkrun1end": 1749684859.7662582, "cms-reco-run3-ma-bmkrun2start": 1749684859.7669196, "cms-reco-run3-ma-bmkrun2end": 1749685604.3843539, "lhcb-sim-run3-ma-bmkrun0start": 1749685604.3862526, "lhcb-sim-run3-ma-bmkrun0end": 1749686380.7393682, "lhcb-sim-run3-ma-bmkrun1start": 1749686380.7395582, "lhcb-sim-run3-ma-bmkrun1end": 1749687027.8968947, "lhcb-sim-run3-ma-bmkrun2start": 1749687027.8970463, "lhcb-sim-run3-ma-bmkrun2end": 1749687666.5062473, "belle2-gen-sim-reco-ma-bmkrun0start": 1749687666.5079985, "belle2-gen-sim-reco-ma-bmkrun0end": 1749688017.0066423, "belle2-gen-sim-reco-ma-bmkrun1start": 1749688017.006937, "belle2-gen-sim-reco-ma-bmkrun1end": 1749688333.7953672, "belle2-gen-sim-reco-ma-bmkrun2start": 1749688333.795871, "belle2-gen-sim-reco-ma-bmkrun2end": 1749688652.938147, "alice-digi-reco-core-run3-ma-bmkrun0start": 1749688652.9394062, "alice-digi-reco-core-run3-ma-bmkrun0end": 1749689740.1831112, "alice-digi-reco-core-run3-ma-bmkrun1start": 1749689740.1832898, "alice-digi-reco-core-run3-ma-bmkrun1end": 1749690686.7802393, "alice-digi-reco-core-run3-ma-bmkrun2start": 1749690686.7805061, "alice-digi-reco-core-run3-ma-bmkrun2end": 1749691619.5655086}, "scores": [0.987, 0.997, 0.9941, 1.0369, 1.0378, 1.0344, 0.9083, 0.9048, 0.9069, 1.0296, 1.0233, 1.0229, 0.9075, 0.9047, 0.908, 1.0015, 1.0017, 0.9962, 0.9887, 1.0024, 1.0083], "score": [998.1933]}