{"power": [], "benchtime": {"atlas-gen_sherpa-ma-bmkrun0start": 1749581208.3727183, "atlas-gen_sherpa-ma-bmkrun0end": 1749585175.5922906, "atlas-gen_sherpa-ma-bmkrun1start": 1749585175.5924814, "atlas-gen_sherpa-ma-bmkrun1end": 1749585747.2184463, "atlas-gen_sherpa-ma-bmkrun2start": 1749585747.2185946, "atlas-gen_sherpa-ma-bmkrun2end": 1749586329.6205583, "atlas-reco_mt-ma-bmkrun0start": 1749586329.624151, "atlas-reco_mt-ma-bmkrun0end": 1749589825.4650466, "atlas-reco_mt-ma-bmkrun1start": 1749589825.4651723, "atlas-reco_mt-ma-bmkrun1end": 1749590868.223566, "atlas-reco_mt-ma-bmkrun2start": 1749590868.2237573, "atlas-reco_mt-ma-bmkrun2end": 1749591917.1582274, "cms-gen-sim-run3-ma-bmkrun0start": 1749591917.161775, "cms-gen-sim-run3-ma-bmkrun0end": 1749592591.5195289, "cms-gen-sim-run3-ma-bmkrun1start": 1749592591.5197117, "cms-gen-sim-run3-ma-bmkrun1end": 1749593190.1418676, "cms-gen-sim-run3-ma-bmkrun2start": 1749593190.1420062, "cms-gen-sim-run3-ma-bmkrun2end": 1749593780.6886005, "cms-reco-run3-ma-bmkrun0start": 1749593780.6898642, "cms-reco-run3-ma-bmkrun0end": 1749594713.7538295, "cms-reco-run3-ma-bmkrun1start": 1749594713.7540283, "cms-reco-run3-ma-bmkrun1end": 1749595548.3904698, "cms-reco-run3-ma-bmkrun2start": 1749595548.390645, "cms-reco-run3-ma-bmkrun2end": 1749596385.8815885, "lhcb-sim-run3-ma-bmkrun0start": 1749596385.882891, "lhcb-sim-run3-ma-bmkrun0end": 1749597539.425346, "lhcb-sim-run3-ma-bmkrun1start": 1749597539.4254827, "lhcb-sim-run3-ma-bmkrun1end": 1749598726.808472, "lhcb-sim-run3-ma-bmkrun2start": 1749598726.808615, "lhcb-sim-run3-ma-bmkrun2end": 1749599808.2935998, "belle2-gen-sim-reco-ma-bmkrun0start": 1749599808.2958763, "belle2-gen-sim-reco-ma-bmkrun0end": 1749600192.4630408, "belle2-gen-sim-reco-ma-bmkrun1start": 1749600192.4632082, "belle2-gen-sim-reco-ma-bmkrun1end": 1749600542.7439017, "belle2-gen-sim-reco-ma-bmkrun2start": 1749600542.7441988, "belle2-gen-sim-reco-ma-bmkrun2end": 1749600895.6272318, "alice-digi-reco-core-run3-ma-bmkrun0start": 1749600895.6298125, "alice-digi-reco-core-run3-ma-bmkrun0end": 1749602240.2970133, "alice-digi-reco-core-run3-ma-bmkrun1start": 1749602240.2971566, "alice-digi-reco-core-run3-ma-bmkrun1end": 1749603453.268992, "alice-digi-reco-core-run3-ma-bmkrun2start": 1749603453.269382, "alice-digi-reco-core-run3-ma-bmkrun2end": 1749604662.7790256}, "scores": [6.0169, 6.0551, 5.9406, 7.4558, 7.4703, 7.3936, 7.2192, 7.1536, 7.2583, 7.4401, 7.4769, 7.4675, 9.5638, 9.5223, 9.4991, 7.9001, 7.861, 7.8699, 6.5266, 6.516, 6.4837], "score": [7502.5393]}