{"power": [], "benchtime": {"atlas-gen_sherpa-ma-bmkrun0start": 1749674896.3208518, "atlas-gen_sherpa-ma-bmkrun0end": 1749676264.5682786, "atlas-gen_sherpa-ma-bmkrun1start": 1749676264.5685802, "atlas-gen_sherpa-ma-bmkrun1end": 1749676621.1719983, "atlas-gen_sherpa-ma-bmkrun2start": 1749676621.1722634, "atlas-gen_sherpa-ma-bmkrun2end": 1749676979.4551148, "atlas-reco_mt-ma-bmkrun0start": 1749676979.458324, "atlas-reco_mt-ma-bmkrun0end": 1749678980.997899, "atlas-reco_mt-ma-bmkrun1start": 1749678980.998097, "atlas-reco_mt-ma-bmkrun1end": 1749679945.9510128, "atlas-reco_mt-ma-bmkrun2start": 1749679945.951177, "atlas-reco_mt-ma-bmkrun2end": 1749680911.47452, "cms-gen-sim-run3-ma-bmkrun0start": 1749680911.4765725, "cms-gen-sim-run3-ma-bmkrun0end": 1749681614.0855157, "cms-gen-sim-run3-ma-bmkrun1start": 1749681614.0857532, "cms-gen-sim-run3-ma-bmkrun1end": 1749682177.1875684, "cms-gen-sim-run3-ma-bmkrun2start": 1749682177.1878755, "cms-gen-sim-run3-ma-bmkrun2end": 1749682739.2562082, "cms-reco-run3-ma-bmkrun0start": 1749682739.257748, "cms-reco-run3-ma-bmkrun0end": 1749684052.8013003, "cms-reco-run3-ma-bmkrun1start": 1749684052.8015158, "cms-reco-run3-ma-bmkrun1end": 1749684810.3124998, "cms-reco-run3-ma-bmkrun2start": 1749684810.312661, "cms-reco-run3-ma-bmkrun2end": 1749685565.7637217, "lhcb-sim-run3-ma-bmkrun0start": 1749685565.7653658, "lhcb-sim-run3-ma-bmkrun0end": 1749686327.0986643, "lhcb-sim-run3-ma-bmkrun1start": 1749686327.0988147, "lhcb-sim-run3-ma-bmkrun1end": 1749686976.0755208, "lhcb-sim-run3-ma-bmkrun2start": 1749686976.0758023, "lhcb-sim-run3-ma-bmkrun2end": 1749687627.9972284, "belle2-gen-sim-reco-ma-bmkrun0start": 1749687627.9985328, "belle2-gen-sim-reco-ma-bmkrun0end": 1749687982.1378505, "belle2-gen-sim-reco-ma-bmkrun1start": 1749687982.1380188, "belle2-gen-sim-reco-ma-bmkrun1end": 1749688305.2701395, "belle2-gen-sim-reco-ma-bmkrun2start": 1749688305.2705634, "belle2-gen-sim-reco-ma-bmkrun2end": 1749688629.8207862, "alice-digi-reco-core-run3-ma-bmkrun0start": 1749688629.8219554, "alice-digi-reco-core-run3-ma-bmkrun0end": 1749689797.5400455, "alice-digi-reco-core-run3-ma-bmkrun1start": 1749689797.5402315, "alice-digi-reco-core-run3-ma-bmkrun1end": 1749690736.5066075, "alice-digi-reco-core-run3-ma-bmkrun2start": 1749690736.5067635, "alice-digi-reco-core-run3-ma-bmkrun2end": 1749691686.4353812}, "scores": [0.9854, 0.9847, 0.9873, 1.0315, 1.0268, 1.0274, 0.8985, 0.9021, 0.9035, 1.0155, 1.0114, 1.0122, 0.8961, 0.8973, 0.8951, 0.9886, 0.9862, 0.9853, 0.9789, 0.9793, 1.0004], "score": [986.0669]}