{"power": [], "benchtime": {"atlas-gen_sherpa-ma-bmkrun0start": 1749581206.0272822, "atlas-gen_sherpa-ma-bmkrun0end": 1749584897.89606, "atlas-gen_sherpa-ma-bmkrun1start": 1749584897.8962357, "atlas-gen_sherpa-ma-bmkrun1end": 1749585466.6569014, "atlas-gen_sherpa-ma-bmkrun2start": 1749585466.6570594, "atlas-gen_sherpa-ma-bmkrun2end": 1749586040.5111501, "atlas-reco_mt-ma-bmkrun0start": 1749586040.5130491, "atlas-reco_mt-ma-bmkrun0end": 1749589779.5207245, "atlas-reco_mt-ma-bmkrun1start": 1749589779.5208552, "atlas-reco_mt-ma-bmkrun1end": 1749590778.4743497, "atlas-reco_mt-ma-bmkrun2start": 1749590778.4744885, "atlas-reco_mt-ma-bmkrun2end": 1749591799.9899337, "cms-gen-sim-run3-ma-bmkrun0start": 1749591799.9941907, "cms-gen-sim-run3-ma-bmkrun0end": 1749592467.1547186, "cms-gen-sim-run3-ma-bmkrun1start": 1749592467.154875, "cms-gen-sim-run3-ma-bmkrun1end": 1749593061.1527827, "cms-gen-sim-run3-ma-bmkrun2start": 1749593061.1530812, "cms-gen-sim-run3-ma-bmkrun2end": 1749593643.1400278, "cms-reco-run3-ma-bmkrun0start": 1749593643.1413941, "cms-reco-run3-ma-bmkrun0end": 1749594528.317964, "cms-reco-run3-ma-bmkrun1start": 1749594528.3180873, "cms-reco-run3-ma-bmkrun1end": 1749595344.1790104, "cms-reco-run3-ma-bmkrun2start": 1749595344.1791377, "cms-reco-run3-ma-bmkrun2end": 1749596136.8523664, "lhcb-sim-run3-ma-bmkrun0start": 1749596136.8534796, "lhcb-sim-run3-ma-bmkrun0end": 1749597269.7403069, "lhcb-sim-run3-ma-bmkrun1start": 1749597269.7404609, "lhcb-sim-run3-ma-bmkrun1end": 1749598414.8305519, "lhcb-sim-run3-ma-bmkrun2start": 1749598414.8306975, "lhcb-sim-run3-ma-bmkrun2end": 1749599490.6027973, "belle2-gen-sim-reco-ma-bmkrun0start": 1749599490.6046154, "belle2-gen-sim-reco-ma-bmkrun0end": 1749599865.653909, "belle2-gen-sim-reco-ma-bmkrun1start": 1749599865.6541667, "belle2-gen-sim-reco-ma-bmkrun1end": 1749600220.0563266, "belle2-gen-sim-reco-ma-bmkrun2start": 1749600220.0564795, "belle2-gen-sim-reco-ma-bmkrun2end": 1749600567.2243218, "alice-digi-reco-core-run3-ma-bmkrun0start": 1749600567.225558, "alice-digi-reco-core-run3-ma-bmkrun0end": 1749601812.800514, "alice-digi-reco-core-run3-ma-bmkrun1start": 1749601812.8006487, "alice-digi-reco-core-run3-ma-bmkrun1end": 1749602952.965419, "alice-digi-reco-core-run3-ma-bmkrun2start": 1749602952.9656417, "alice-digi-reco-core-run3-ma-bmkrun2end": 1749604078.3104043}, "scores": [6.0621, 6.0394, 6.0843, 7.6772, 7.7243, 7.6338, 7.3248, 7.4183, 7.3763, 7.9174, 7.9068, 7.9166, 9.7118, 9.755, 9.636, 8.0367, 8.0491, 8.0473, 7.2583, 7.2318, 7.2623], "score": [7793.7429]}