{"power": [], "benchtime": {"atlas-gen_sherpa-ma-bmkrun0start": 1749674908.6229393, "atlas-gen_sherpa-ma-bmkrun0end": 1749676180.855254, "atlas-gen_sherpa-ma-bmkrun1start": 1749676180.8555412, "atlas-gen_sherpa-ma-bmkrun1end": 1749676533.048884, "atlas-gen_sherpa-ma-bmkrun2start": 1749676533.0490975, "atlas-gen_sherpa-ma-bmkrun2end": 1749676884.5389798, "atlas-reco_mt-ma-bmkrun0start": 1749676884.5420463, "atlas-reco_mt-ma-bmkrun0end": 1749678816.8885624, "atlas-reco_mt-ma-bmkrun1start": 1749678816.8888485, "atlas-reco_mt-ma-bmkrun1end": 1749679764.5022953, "atlas-reco_mt-ma-bmkrun2start": 1749679764.5025473, "atlas-reco_mt-ma-bmkrun2end": 1749680713.737275, "cms-gen-sim-run3-ma-bmkrun0start": 1749680713.7399976, "cms-gen-sim-run3-ma-bmkrun0end": 1749681422.2286513, "cms-gen-sim-run3-ma-bmkrun1start": 1749681422.2288878, "cms-gen-sim-run3-ma-bmkrun1end": 1749681973.3296494, "cms-gen-sim-run3-ma-bmkrun2start": 1749681973.3299208, "cms-gen-sim-run3-ma-bmkrun2end": 1749682525.7797215, "cms-reco-run3-ma-bmkrun0start": 1749682525.7812965, "cms-reco-run3-ma-bmkrun0end": 1749683809.861769, "cms-reco-run3-ma-bmkrun1start": 1749683809.861984, "cms-reco-run3-ma-bmkrun1end": 1749684550.0912313, "cms-reco-run3-ma-bmkrun2start": 1749684550.0915902, "cms-reco-run3-ma-bmkrun2end": 1749685285.8554137, "lhcb-sim-run3-ma-bmkrun0start": 1749685285.856983, "lhcb-sim-run3-ma-bmkrun0end": 1749686045.8570447, "lhcb-sim-run3-ma-bmkrun1start": 1749686045.8572016, "lhcb-sim-run3-ma-bmkrun1end": 1749686680.5234942, "lhcb-sim-run3-ma-bmkrun2start": 1749686680.523773, "lhcb-sim-run3-ma-bmkrun2end": 1749687317.3296962, "belle2-gen-sim-reco-ma-bmkrun0start": 1749687317.3338408, "belle2-gen-sim-reco-ma-bmkrun0end": 1749687671.0131478, "belle2-gen-sim-reco-ma-bmkrun1start": 1749687671.0134795, "belle2-gen-sim-reco-ma-bmkrun1end": 1749687991.0013807, "belle2-gen-sim-reco-ma-bmkrun2start": 1749687991.001568, "belle2-gen-sim-reco-ma-bmkrun2end": 1749688309.11373, "alice-digi-reco-core-run3-ma-bmkrun0start": 1749688309.115479, "alice-digi-reco-core-run3-ma-bmkrun0end": 1749689395.7736473, "alice-digi-reco-core-run3-ma-bmkrun1start": 1749689395.7738936, "alice-digi-reco-core-run3-ma-bmkrun1end": 1749690346.1587067, "alice-digi-reco-core-run3-ma-bmkrun2start": 1749690346.1588812, "alice-digi-reco-core-run3-ma-bmkrun2end": 1749691302.2633843}, "scores": [0.9947, 0.9949, 0.9999, 1.0445, 1.0414, 1.0406, 0.9125, 0.9153, 0.9154, 1.0309, 1.0296, 1.0313, 0.9138, 0.9147, 0.9154, 0.9985, 1.003, 1.0015, 1.0028, 1.0077, 0.9906], "score": [1002.4884]}