{"power": [], "benchtime": {"atlas-gen_sherpa-ma-bmkrun0start": 1749581227.8112028, "atlas-gen_sherpa-ma-bmkrun0end": 1749585009.9828768, "atlas-gen_sherpa-ma-bmkrun1start": 1749585009.983287, "atlas-gen_sherpa-ma-bmkrun1end": 1749585578.6734998, "atlas-gen_sherpa-ma-bmkrun2start": 1749585578.6736605, "atlas-gen_sherpa-ma-bmkrun2end": 1749586153.0923183, "atlas-reco_mt-ma-bmkrun0start": 1749586153.0951345, "atlas-reco_mt-ma-bmkrun0end": 1749590053.9243765, "atlas-reco_mt-ma-bmkrun1start": 1749590053.9246273, "atlas-reco_mt-ma-bmkrun1end": 1749591082.611219, "atlas-reco_mt-ma-bmkrun2start": 1749591082.6114748, "atlas-reco_mt-ma-bmkrun2end": 1749592120.1151717, "cms-gen-sim-run3-ma-bmkrun0start": 1749592120.11801, "cms-gen-sim-run3-ma-bmkrun0end": 1749592793.6786137, "cms-gen-sim-run3-ma-bmkrun1start": 1749592793.678876, "cms-gen-sim-run3-ma-bmkrun1end": 1749593386.9198406, "cms-gen-sim-run3-ma-bmkrun2start": 1749593386.919958, "cms-gen-sim-run3-ma-bmkrun2end": 1749593971.2832427, "cms-reco-run3-ma-bmkrun0start": 1749593971.2844994, "cms-reco-run3-ma-bmkrun0end": 1749595330.317177, "cms-reco-run3-ma-bmkrun1start": 1749595330.317323, "cms-reco-run3-ma-bmkrun1end": 1749596171.4748182, "cms-reco-run3-ma-bmkrun2start": 1749596171.4749799, "cms-reco-run3-ma-bmkrun2end": 1749597012.570719, "lhcb-sim-run3-ma-bmkrun0start": 1749597012.5717688, "lhcb-sim-run3-ma-bmkrun0end": 1749598140.7308304, "lhcb-sim-run3-ma-bmkrun1start": 1749598140.7310429, "lhcb-sim-run3-ma-bmkrun1end": 1749599302.58596, "lhcb-sim-run3-ma-bmkrun2start": 1749599302.586164, "lhcb-sim-run3-ma-bmkrun2end": 1749600416.3602278, "belle2-gen-sim-reco-ma-bmkrun0start": 1749600416.3621736, "belle2-gen-sim-reco-ma-bmkrun0end": 1749600798.2101092, "belle2-gen-sim-reco-ma-bmkrun1start": 1749600798.2102349, "belle2-gen-sim-reco-ma-bmkrun1end": 1749601148.7188208, "belle2-gen-sim-reco-ma-bmkrun2start": 1749601148.7191374, "belle2-gen-sim-reco-ma-bmkrun2end": 1749601495.8267095, "alice-digi-reco-core-run3-ma-bmkrun0start": 1749601495.8289175, "alice-digi-reco-core-run3-ma-bmkrun0end": 1749602837.3061216, "alice-digi-reco-core-run3-ma-bmkrun1start": 1749602837.3062513, "alice-digi-reco-core-run3-ma-bmkrun1end": 1749604071.390327, "alice-digi-reco-core-run3-ma-bmkrun2start": 1749604071.3904917, "alice-digi-reco-core-run3-ma-bmkrun2end": 1749605289.2485404}, "scores": [6.0486, 6.151, 5.9458, 7.4933, 7.5132, 7.4301, 7.2435, 7.2212, 7.2484, 7.473, 7.4694, 7.4638, 9.5547, 9.5218, 9.5623, 7.8924, 7.8765, 7.8969, 6.574, 6.5396, 6.501], "score": [7528.0413]}