{"power": [], "benchtime": {"atlas-gen_sherpa-ma-bmkrun0start": 1749674871.5326777, "atlas-gen_sherpa-ma-bmkrun0end": 1749676128.7408187, "atlas-gen_sherpa-ma-bmkrun1start": 1749676128.7410874, "atlas-gen_sherpa-ma-bmkrun1end": 1749676478.3773224, "atlas-gen_sherpa-ma-bmkrun2start": 1749676478.3775089, "atlas-gen_sherpa-ma-bmkrun2end": 1749676834.1807587, "atlas-reco_mt-ma-bmkrun0start": 1749676834.1835608, "atlas-reco_mt-ma-bmkrun0end": 1749678821.0106132, "atlas-reco_mt-ma-bmkrun1start": 1749678821.0107975, "atlas-reco_mt-ma-bmkrun1end": 1749679775.7016768, "atlas-reco_mt-ma-bmkrun2start": 1749679775.7019958, "atlas-reco_mt-ma-bmkrun2end": 1749680724.7662988, "cms-gen-sim-run3-ma-bmkrun0start": 1749680724.769194, "cms-gen-sim-run3-ma-bmkrun0end": 1749681467.646484, "cms-gen-sim-run3-ma-bmkrun1start": 1749681467.6466396, "cms-gen-sim-run3-ma-bmkrun1end": 1749682021.1294951, "cms-gen-sim-run3-ma-bmkrun2start": 1749682021.1296625, "cms-gen-sim-run3-ma-bmkrun2end": 1749682572.5000975, "cms-reco-run3-ma-bmkrun0start": 1749682572.501732, "cms-reco-run3-ma-bmkrun0end": 1749683809.2872434, "cms-reco-run3-ma-bmkrun1start": 1749683809.2874336, "cms-reco-run3-ma-bmkrun1end": 1749684546.897861, "cms-reco-run3-ma-bmkrun2start": 1749684546.8980346, "cms-reco-run3-ma-bmkrun2end": 1749685286.041327, "lhcb-sim-run3-ma-bmkrun0start": 1749685286.0430465, "lhcb-sim-run3-ma-bmkrun0end": 1749686041.0583558, "lhcb-sim-run3-ma-bmkrun1start": 1749686041.0585353, "lhcb-sim-run3-ma-bmkrun1end": 1749686680.7072132, "lhcb-sim-run3-ma-bmkrun2start": 1749686680.7073812, "lhcb-sim-run3-ma-bmkrun2end": 1749687324.1649244, "belle2-gen-sim-reco-ma-bmkrun0start": 1749687324.1670446, "belle2-gen-sim-reco-ma-bmkrun0end": 1749687672.1958587, "belle2-gen-sim-reco-ma-bmkrun1start": 1749687672.1960063, "belle2-gen-sim-reco-ma-bmkrun1end": 1749687990.4529839, "belle2-gen-sim-reco-ma-bmkrun2start": 1749687990.4534614, "belle2-gen-sim-reco-ma-bmkrun2end": 1749688307.5427983, "alice-digi-reco-core-run3-ma-bmkrun0start": 1749688307.5439248, "alice-digi-reco-core-run3-ma-bmkrun0end": 1749689379.2679422, "alice-digi-reco-core-run3-ma-bmkrun1start": 1749689379.2681797, "alice-digi-reco-core-run3-ma-bmkrun1end": 1749690303.2532475, "alice-digi-reco-core-run3-ma-bmkrun2start": 1749690303.2533958, "alice-digi-reco-core-run3-ma-bmkrun2end": 1749691260.124891}, "scores": [1.0028, 1.0031, 0.994, 1.044, 1.0329, 1.0406, 0.9123, 0.9116, 0.917, 1.0319, 1.0307, 1.0301, 0.9115, 0.9125, 0.9148, 1.007, 1.0045, 1.0084, 0.9996, 0.995, 0.9715], "score": [1002.3342]}