{"power": [], "benchtime": {"atlas-gen_sherpa-ma-bmkrun0start": 1749674908.4880226, "atlas-gen_sherpa-ma-bmkrun0end": 1749676214.4753237, "atlas-gen_sherpa-ma-bmkrun1start": 1749676214.4756334, "atlas-gen_sherpa-ma-bmkrun1end": 1749676565.4745202, "atlas-gen_sherpa-ma-bmkrun2start": 1749676565.474765, "atlas-gen_sherpa-ma-bmkrun2end": 1749676917.6574395, "atlas-reco_mt-ma-bmkrun0start": 1749676917.6609714, "atlas-reco_mt-ma-bmkrun0end": 1749678914.2408862, "atlas-reco_mt-ma-bmkrun1start": 1749678914.241086, "atlas-reco_mt-ma-bmkrun1end": 1749679864.0460856, "atlas-reco_mt-ma-bmkrun2start": 1749679864.0463593, "atlas-reco_mt-ma-bmkrun2end": 1749680818.8357594, "cms-gen-sim-run3-ma-bmkrun0start": 1749680818.8384583, "cms-gen-sim-run3-ma-bmkrun0end": 1749681528.8401697, "cms-gen-sim-run3-ma-bmkrun1start": 1749681528.8406088, "cms-gen-sim-run3-ma-bmkrun1end": 1749682081.505361, "cms-gen-sim-run3-ma-bmkrun2start": 1749682081.5055585, "cms-gen-sim-run3-ma-bmkrun2end": 1749682632.909372, "cms-reco-run3-ma-bmkrun0start": 1749682632.9111786, "cms-reco-run3-ma-bmkrun0end": 1749683869.154729, "cms-reco-run3-ma-bmkrun1start": 1749683869.1549304, "cms-reco-run3-ma-bmkrun1end": 1749684605.097927, "cms-reco-run3-ma-bmkrun2start": 1749684605.0982018, "cms-reco-run3-ma-bmkrun2end": 1749685342.4874303, "lhcb-sim-run3-ma-bmkrun0start": 1749685342.4892957, "lhcb-sim-run3-ma-bmkrun0end": 1749686062.791105, "lhcb-sim-run3-ma-bmkrun1start": 1749686062.7913067, "lhcb-sim-run3-ma-bmkrun1end": 1749686698.421283, "lhcb-sim-run3-ma-bmkrun2start": 1749686698.4214404, "lhcb-sim-run3-ma-bmkrun2end": 1749687332.0311759, "belle2-gen-sim-reco-ma-bmkrun0start": 1749687332.0330513, "belle2-gen-sim-reco-ma-bmkrun0end": 1749687686.025401, "belle2-gen-sim-reco-ma-bmkrun1start": 1749687686.0261233, "belle2-gen-sim-reco-ma-bmkrun1end": 1749688007.3023162, "belle2-gen-sim-reco-ma-bmkrun2start": 1749688007.3024814, "belle2-gen-sim-reco-ma-bmkrun2end": 1749688323.873199, "alice-digi-reco-core-run3-ma-bmkrun0start": 1749688323.8746579, "alice-digi-reco-core-run3-ma-bmkrun0end": 1749689417.8843045, "alice-digi-reco-core-run3-ma-bmkrun1start": 1749689417.8846586, "alice-digi-reco-core-run3-ma-bmkrun1end": 1749690356.738308, "alice-digi-reco-core-run3-ma-bmkrun2start": 1749690356.7384818, "alice-digi-reco-core-run3-ma-bmkrun2end": 1749691327.8013902}, "scores": [0.9959, 1.0, 0.9934, 1.0434, 1.0415, 1.037, 0.915, 0.9122, 0.9183, 1.0324, 1.0325, 1.0303, 0.9148, 0.9124, 0.9106, 1.0011, 0.9976, 1.006, 1.0112, 1.0056, 0.9988], "score": [1002.7889]}