{"power": [], "benchtime": {"atlas-gen_sherpa-ma-bmkrun0start": 1749754208.764999, "atlas-gen_sherpa-ma-bmkrun0end": 1749754923.6447551, "atlas-gen_sherpa-ma-bmkrun1start": 1749754923.6449046, "atlas-gen_sherpa-ma-bmkrun1end": 1749755301.8590174, "atlas-gen_sherpa-ma-bmkrun2start": 1749755301.8591335, "atlas-gen_sherpa-ma-bmkrun2end": 1749755675.8977833, "atlas-reco_mt-ma-bmkrun0start": 1749755675.8987684, "atlas-reco_mt-ma-bmkrun0end": 1749757054.1415422, "atlas-reco_mt-ma-bmkrun1start": 1749757054.141656, "atlas-reco_mt-ma-bmkrun1end": 1749758037.4320009, "atlas-reco_mt-ma-bmkrun2start": 1749758037.432127, "atlas-reco_mt-ma-bmkrun2end": 1749759022.5602574, "cms-gen-sim-run3-ma-bmkrun0start": 1749759022.5611706, "cms-gen-sim-run3-ma-bmkrun0end": 1749759928.440951, "cms-gen-sim-run3-ma-bmkrun1start": 1749759928.4410667, "cms-gen-sim-run3-ma-bmkrun1end": 1749760519.6825426, "cms-gen-sim-run3-ma-bmkrun2start": 1749760519.6826513, "cms-gen-sim-run3-ma-bmkrun2end": 1749761111.8901064, "cms-reco-run3-ma-bmkrun0start": 1749761111.8908584, "cms-reco-run3-ma-bmkrun0end": 1749762014.4535654, "cms-reco-run3-ma-bmkrun1start": 1749762014.4536748, "cms-reco-run3-ma-bmkrun1end": 1749762784.4155812, "cms-reco-run3-ma-bmkrun2start": 1749762784.4156919, "cms-reco-run3-ma-bmkrun2end": 1749763555.970695, "lhcb-sim-run3-ma-bmkrun0start": 1749763555.9715586, "lhcb-sim-run3-ma-bmkrun0end": 1749764318.0847483, "lhcb-sim-run3-ma-bmkrun1start": 1749764318.0849, "lhcb-sim-run3-ma-bmkrun1end": 1749765027.902445, "lhcb-sim-run3-ma-bmkrun2start": 1749765027.9025588, "lhcb-sim-run3-ma-bmkrun2end": 1749765743.9439216, "belle2-gen-sim-reco-ma-bmkrun0start": 1749765743.9447846, "belle2-gen-sim-reco-ma-bmkrun0end": 1749766115.8727286, "belle2-gen-sim-reco-ma-bmkrun1start": 1749766115.8728642, "belle2-gen-sim-reco-ma-bmkrun1end": 1749766454.5932255, "belle2-gen-sim-reco-ma-bmkrun2start": 1749766454.5934248, "belle2-gen-sim-reco-ma-bmkrun2end": 1749766793.5363536, "alice-digi-reco-core-run3-ma-bmkrun0start": 1749766793.5372024, "alice-digi-reco-core-run3-ma-bmkrun0end": 1749767870.7261233, "alice-digi-reco-core-run3-ma-bmkrun1start": 1749767870.726231, "alice-digi-reco-core-run3-ma-bmkrun1end": 1749768819.0276694, "alice-digi-reco-core-run3-ma-bmkrun2start": 1749768819.0277796, "alice-digi-reco-core-run3-ma-bmkrun2end": 1749769801.4253402}, "scores": [0.9335, 0.9279, 0.9296, 0.9895, 0.9894, 0.9879, 0.8549, 0.8531, 0.8549, 0.9768, 0.9792, 0.9763, 0.8452, 0.8423, 0.8448, 0.9173, 0.9194, 0.9197, 1.001, 0.999, 0.9839], "errors": [], "score": [945.443]}