{"power": [], "benchtime": {"atlas-gen_sherpa-ma-bmkrun0start": 1749681349.7939339, "atlas-gen_sherpa-ma-bmkrun0end": 1749682452.7122974, "atlas-gen_sherpa-ma-bmkrun1start": 1749682452.7126055, "atlas-gen_sherpa-ma-bmkrun1end": 1749682829.8198164, "atlas-gen_sherpa-ma-bmkrun2start": 1749682829.8199334, "atlas-gen_sherpa-ma-bmkrun2end": 1749683205.1110616, "atlas-reco_mt-ma-bmkrun0start": 1749683205.1136968, "atlas-reco_mt-ma-bmkrun0end": 1749685675.3842714, "atlas-reco_mt-ma-bmkrun1start": 1749685675.3845131, "atlas-reco_mt-ma-bmkrun1end": 1749686659.9916852, "atlas-reco_mt-ma-bmkrun2start": 1749686659.9918854, "atlas-reco_mt-ma-bmkrun2end": 1749687643.8120587, "cms-gen-sim-run3-ma-bmkrun0start": 1749687643.813827, "cms-gen-sim-run3-ma-bmkrun0end": 1749688324.0909045, "cms-gen-sim-run3-ma-bmkrun1start": 1749688324.0911, "cms-gen-sim-run3-ma-bmkrun1end": 1749688916.5399632, "cms-gen-sim-run3-ma-bmkrun2start": 1749688916.540082, "cms-gen-sim-run3-ma-bmkrun2end": 1749689506.1860788, "cms-reco-run3-ma-bmkrun0start": 1749689506.1869206, "cms-reco-run3-ma-bmkrun0end": 1749690371.0372424, "cms-reco-run3-ma-bmkrun1start": 1749690371.0373576, "cms-reco-run3-ma-bmkrun1end": 1749691141.206186, "cms-reco-run3-ma-bmkrun2start": 1749691141.2063031, "cms-reco-run3-ma-bmkrun2end": 1749691913.29441, "lhcb-sim-run3-ma-bmkrun0start": 1749691913.295277, "lhcb-sim-run3-ma-bmkrun0end": 1749692998.3685668, "lhcb-sim-run3-ma-bmkrun1start": 1749692998.368708, "lhcb-sim-run3-ma-bmkrun1end": 1749693705.7633653, "lhcb-sim-run3-ma-bmkrun2start": 1749693705.7634842, "lhcb-sim-run3-ma-bmkrun2end": 1749694414.9683714, "belle2-gen-sim-reco-ma-bmkrun0start": 1749694414.9693224, "belle2-gen-sim-reco-ma-bmkrun0end": 1749694930.3395834, "belle2-gen-sim-reco-ma-bmkrun1start": 1749694930.339717, "belle2-gen-sim-reco-ma-bmkrun1end": 1749695272.323577, "belle2-gen-sim-reco-ma-bmkrun2start": 1749695272.3238037, "belle2-gen-sim-reco-ma-bmkrun2end": 1749695611.8508215, "alice-digi-reco-core-run3-ma-bmkrun0start": 1749695611.8517802, "alice-digi-reco-core-run3-ma-bmkrun0end": 1749696772.6749742, "alice-digi-reco-core-run3-ma-bmkrun1start": 1749696772.6752584, "alice-digi-reco-core-run3-ma-bmkrun1end": 1749697692.109837, "alice-digi-reco-core-run3-ma-bmkrun2start": 1749697692.1099951, "alice-digi-reco-core-run3-ma-bmkrun2end": 1749698649.8255317}, "scores": [0.9342, 0.9249, 0.9279, 0.9896, 0.9898, 0.9906, 0.8545, 0.853, 0.8543, 0.9775, 0.9778, 0.976, 0.8441, 0.8453, 0.8437, 0.917, 0.9147, 0.9186, 0.9898, 1.0123, 0.9917], "score": [943.7981]}