{"power": [], "benchtime": {"atlas-gen_sherpa-ma-bmkrun0start": 1749674875.4692075, "atlas-gen_sherpa-ma-bmkrun0end": 1749676232.9877162, "atlas-gen_sherpa-ma-bmkrun1start": 1749676232.9879825, "atlas-gen_sherpa-ma-bmkrun1end": 1749676586.1848662, "atlas-gen_sherpa-ma-bmkrun2start": 1749676586.1851733, "atlas-gen_sherpa-ma-bmkrun2end": 1749676940.872521, "atlas-reco_mt-ma-bmkrun0start": 1749676940.8749914, "atlas-reco_mt-ma-bmkrun0end": 1749678846.6891959, "atlas-reco_mt-ma-bmkrun1start": 1749678846.6895165, "atlas-reco_mt-ma-bmkrun1end": 1749679796.5319836, "atlas-reco_mt-ma-bmkrun2start": 1749679796.5321991, "atlas-reco_mt-ma-bmkrun2end": 1749680745.8346376, "cms-gen-sim-run3-ma-bmkrun0start": 1749680745.8365178, "cms-gen-sim-run3-ma-bmkrun0end": 1749681481.5631366, "cms-gen-sim-run3-ma-bmkrun1start": 1749681481.5633478, "cms-gen-sim-run3-ma-bmkrun1end": 1749682031.9726968, "cms-gen-sim-run3-ma-bmkrun2start": 1749682031.9728894, "cms-gen-sim-run3-ma-bmkrun2end": 1749682583.1005492, "cms-reco-run3-ma-bmkrun0start": 1749682583.1024768, "cms-reco-run3-ma-bmkrun0end": 1749683722.8420901, "cms-reco-run3-ma-bmkrun1start": 1749683722.8422906, "cms-reco-run3-ma-bmkrun1end": 1749684462.8060536, "cms-reco-run3-ma-bmkrun2start": 1749684462.8062754, "cms-reco-run3-ma-bmkrun2end": 1749685199.5325692, "lhcb-sim-run3-ma-bmkrun0start": 1749685199.5344732, "lhcb-sim-run3-ma-bmkrun0end": 1749686097.9769194, "lhcb-sim-run3-ma-bmkrun1start": 1749686097.9771328, "lhcb-sim-run3-ma-bmkrun1end": 1749686733.8936064, "lhcb-sim-run3-ma-bmkrun2start": 1749686733.8937843, "lhcb-sim-run3-ma-bmkrun2end": 1749687376.5239508, "belle2-gen-sim-reco-ma-bmkrun0start": 1749687376.5258045, "belle2-gen-sim-reco-ma-bmkrun0end": 1749687725.515994, "belle2-gen-sim-reco-ma-bmkrun1start": 1749687725.516174, "belle2-gen-sim-reco-ma-bmkrun1end": 1749688044.6674879, "belle2-gen-sim-reco-ma-bmkrun2start": 1749688044.6676676, "belle2-gen-sim-reco-ma-bmkrun2end": 1749688362.601485, "alice-digi-reco-core-run3-ma-bmkrun0start": 1749688362.603029, "alice-digi-reco-core-run3-ma-bmkrun0end": 1749689444.440801, "alice-digi-reco-core-run3-ma-bmkrun1start": 1749689444.4410346, "alice-digi-reco-core-run3-ma-bmkrun1end": 1749690379.33889, "alice-digi-reco-core-run3-ma-bmkrun2start": 1749690379.339126, "alice-digi-reco-core-run3-ma-bmkrun2end": 1749691339.1552129}, "scores": [1.0027, 0.9925, 0.9887, 1.0428, 1.0433, 1.0408, 0.9103, 0.9168, 0.9164, 1.0303, 1.0276, 1.0314, 0.9138, 0.9164, 0.9115, 1.007, 1.0026, 1.0027, 1.0102, 1.0083, 0.99], "score": [1003.2376]}